Post Text,Date,Impressions,Likes,Comments,Shares,Link Clicks,Reach
"De fleste B2B-virksomheder poster om sig selv. Det er præcis det forkerte.

Her er de 3 klassiske fejl:

1️⃣ For meget produktfokus – ingen gider se reklamer
2️⃣ Ingen konsistens – 3 posts i januar, nul i februar
3️⃣ Ingen CTA – hvad skal læseren gøre nu?

Løsningen er enkel: Post om dine kunders udfordringer, ikke om dit produkt.

Hvad er din største LinkedIn-udfordring? 👇

#LinkedInMarketing #B2BMarketing #ContentStrategy","2025-01-07 08:30:00",4250,87,23,12,34,3800
"Engagement rate er ikke en vanity metric – det er dit kompas.

Vi analyserede 50 LinkedIn-profiler i 6 måneder. Resultatet:

📊 Posts med data fik 2,3x mere rækkevidde
📊 Spørgsmål i slutningen øgede kommentarer med 67%
📊 Korte posts (under 1.300 tegn) vandt over lange

Men det vigtigste: Konsistens slår perfektion.

Poster du konsekvent på LinkedIn? Skriv 'JA' i kommentarerne 👇

#DataDrivenMarketing #LinkedInTips #ContentMarketing","2025-01-10 09:00:00",6120,134,45,28,67,5400
"90 dage. 3x leads. Her er præcis hvad vi gjorde.

Vores kunde: En B2B SaaS-virksomhed med 15 ansatte.
Udfordringen: Stagnerende pipeline og lav brand awareness.

Vores tilgang:
✅ Definerede 3 kernepersoner
✅ Oprettede en konsistent posting-plan (3x ugentligt)
✅ Blandede thought leadership med case studies
✅ Brugte LinkedIn-analytics til løbende optimering

Resultat efter 90 dage:
🚀 +187% organisk rækkevidde
🚀 +312% profilbesøg
🚀 +3x inbound leads

Vil du se den fulde case study? Drop en kommentar 👇

#CaseStudy #B2BSaaS #LeadGeneration #LinkedInStrategy","2025-01-14 08:00:00",8900,212,67,45,123,7600
"Alle tæller likes. Ingen tæller det der faktisk konverterer.

Den mest oversete metric på LinkedIn: SSI (Social Selling Index).

Hvad er det?
LinkedIns eget score (0-100) der måler din evne til at:
1. Etablere din professionelle brand
2. Finde de rigtige mennesker
3. Engagere med indsigt
4. Opbygge relationer

Virksomheder med høj SSI får:
💡 45% flere muligheder
💡 51% mere sandsynlighed for at nå kvoten

Tjek din SSI her: linkedin.com/sales/ssi

Hvad fik du? Del dit score i kommentarerne 🎯

#SocialSelling #LinkedInSSI #SalesStrategy #B2BMarketing","2025-01-17 09:30:00",3780,65,18,9,28,3200
"Du har 1,7 sekunder til at stoppe scrollet. Her er 5 hooks der virker:

1. 'De fleste [målgruppe] gør X. Det er en fejl.'
2. 'Vi hjalp [kunde] med at [specifikt resultat] på [tidsramme]'
3. '[Kontraintuitiv påstand] – og data beviser det'
4. 'Jeg var imod [populær opfattelse] – men jeg tog fejl'
5. 'Her er hvad [industri] ikke fortæller dig om [emne]'

Formlen: Specifik + Nysgerrighedsgab + Løfte om værdi

Gem dette opslag og test en hook i din næste post 📌

Hvilken hook bruger du oftest? 👇

#LinkedInTips #Copywriting #ContentCreation #PersonalBranding","2025-01-21 08:00:00",5440,98,31,22,45,4800
"80% thought leadership. 20% salg. Sådan ser den bedste LinkedIn-strategi ud.

Men hvad er thought leadership egentlig?

Det er IKKE:
❌ At dele branchenyheder
❌ At fortælle hvad du ved
❌ At linke til din hjemmeside

Det ER:
✅ At have en kontroversiel holdning og forsvare den
✅ At dele fejl og hvad du lærte af dem
✅ At give din ICP indsigt de ikke kan få andre steder

Din kunde skal tænke: 'Disse mennesker forstår min verden'

Før de tænker: 'Lad os købe fra dem'

Hvor god er din thought leadership-balance? 🎯

#ThoughtLeadership #ContentStrategy #B2BMarketing #PersonalBranding","2025-01-24 09:00:00",7230,156,42,34,89,6100
"Vi hjalp en SaaS-startup med at 3x'e deres leads på 90 dage.

Her er de 5 ting vi ændrede:

1. Stoppede med at poste om produktet
2. Begyndte at dele kundernes wins
3. Postede konsekvent 3x om ugen
4. A/B-testede hooks systematisk
5. Svarede på ALLE kommentarer inden for 1 time

Det sidste punkt er undervurderet. LinkedIn belønner engagement.

Resultat: Fra 800 til 2.400 månedlige profilbesøg 📈

Hvad er din #1 LinkedIn-udfordring lige nu?

#GrowthMarketing #LinkedInStrategy #B2BMarketing","2025-01-28 08:30:00",9800,234,78,56,145,8200
"Stop med at måle på likes.

Mål i stedet på:

→ Antal relevante profilbesøg
→ Antal DMs fra potentielle kunder
→ Antal opkald booket via LinkedIn

Likes er en lagging indicator.
De tre metrics ovenfor er leading indicators.

Skifter du?

#LinkedInMarketing #B2BSales #ContentMarketing #ROI","2025-02-04 08:00:00",4120,76,29,15,38,3600
"Det tager 6-18 måneder at bygge et stærkt LinkedIn-brand.

De fleste opgiver efter 6 uger.

Sådan holder du fast:

✅ Post 3x om ugen – konsistens vinder over perfektion
✅ Svar på ALLE kommentarer indenfor 24 timer
✅ Engagér på andres posts dagligt
✅ Gennemgå analytics månedligt og justér

Det er et maraton, ikke en sprint.

Er du stadig med om 12 måneder? 💪

#LinkedInTips #ContentMarketing #PersonalBranding #B2BMarketing","2025-02-07 09:00:00",5670,112,38,24,56,4900
"Vores bedste LinkedIn-post nogensinde fik 47.000 visninger.

Den var 89 ord lang.

Den havde ingen billeder.
Ingen hashtags udover 2.
Ingen emojis.

Den havde: Et reelt problem. En overraskende løsning. Et ærligt spørgsmål.

Det er det LinkedIn belønner.

Hvad var dit bedste opslag nogensinde? 👇

#LinkedIn #ContentStrategy #B2BMarketing","2025-02-11 08:00:00",12400,289,94,67,178,10200
